user_id,goal_name,product_type,total_target_amount,savings_target_amount,deposit_target_amount,start_date,end_date
1,facilis_1_목표,D,4241,0,4241,2024-01-21,2025-09-24
2,tenetur_2_목표,S,7218,7218,0,2025-02-16,2025-09-10
2,mollitia_2_목표,D,8544,0,8544,2024-07-30,2025-10-10
2,animi_2_목표,S,6200,6200,0,2024-10-23,2026-10-10
3,commodi_3_목표,A,3585,3585,3585,2024-08-19,2025-05-25
4,aperiam_4_목표,D,2259,0,2259,2023-09-14,2024-12-01
4,aliquid_4_목표,D,4981,0,4981,2024-06-21,2025-02-06
4,laborum_4_목표,A,6608,6608,6608,2023-12-24,2024-12-27
5,minima_5_목표,A,4056,4056,4056,2023-06-23,2024-09-06
5,quae_5_목표,A,3399,3399,3399,2024-06-01,2025-10-18
6,libero_6_목표,D,5488,0,5488,2025-03-17,2026-02-03
7,odio_7_목표,A,4563,4563,4563,2024-06-07,2025-04-01
8,quas_8_목표,A,5753,5753,5753,2024-01-05,2025-05-07
8,pariatur_8_목표,D,6486,0,6486,2025-05-19,2026-04-29
8,necessitatibus_8_목표,S,8572,8572,0,2023-12-17,2025-01-25
9,ipsa_9_목표,D,3953,0,3953,2024-08-12,2025-10-24
10,quaerat_10_목표,A,5545,5545,5545,2023-11-26,2024-10-24
10,iste_10_목표,D,8082,0,8082,2024-10-09,2025-10-27
10,libero_10_목표,D,5380,0,5380,2024-03-09,2025-11-24
11,velit_11_목표,S,3831,3831,0,2024-06-19,2025-10-17
11,perferendis_11_목표,S,4549,4549,0,2025-04-06,2026-04-10
11,modi_11_목표,A,7804,7804,7804,2023-12-13,2025-07-07
12,ipsa_12_목표,D,5160,0,5160,2023-07-20,2025-03-21
12,nostrum_12_목표,A,1260,1260,1260,2025-02-08,2025-10-27
13,dolores_13_목표,S,1539,1539,0,2023-08-13,2024-08-09
14,rerum_14_목표,D,2080,0,2080,2025-03-12,2026-07-11
14,natus_14_목표,A,2204,2204,2204,2024-07-16,2025-03-07
15,porro_15_목표,D,3602,0,3602,2024-11-17,2025-11-25
15,eveniet_15_목표,A,4875,4875,4875,2024-12-31,2025-08-28
16,nesciunt_16_목표,D,6184,0,6184,2025-04-16,2026-09-30
16,quidem_16_목표,D,4956,0,4956,2025-01-23,2026-02-07
16,sequi_16_목표,S,1016,1016,0,2023-11-13,2025-04-24
17,ab_17_목표,S,8321,8321,0,2024-11-15,2026-08-06
17,atque_17_목표,S,1550,1550,0,2024-07-24,2026-04-06
17,deserunt_17_목표,A,6952,6952,6952,2024-11-26,2026-10-24
18,aliquam_18_목표,A,7358,7358,7358,2023-06-23,2024-07-24
18,dicta_18_목표,A,9103,9103,9103,2025-04-04,2026-06-01
18,a_18_목표,D,7060,0,7060,2024-01-13,2024-12-14
19,suscipit_19_목표,D,7329,0,7329,2024-04-03,2026-01-15
20,quae_20_목표,A,1052,1052,1052,2025-03-23,2025-11-11
20,similique_20_목표,D,1763,0,1763,2025-04-09,2027-01-10
20,consequuntur_20_목표,A,1052,1052,1052,2024-09-09,2026-05-20
21,accusantium_21_목표,D,5370,0,5370,2024-04-11,2026-01-08
21,quia_21_목표,D,9411,0,9411,2024-09-06,2025-04-18
22,ad_22_목표,A,9098,9098,9098,2024-11-23,2026-05-29
22,velit_22_목표,A,6661,6661,6661,2024-10-12,2026-06-16
23,id_23_목표,D,2529,0,2529,2023-09-14,2025-08-16
23,sequi_23_목표,D,7158,0,7158,2024-07-02,2025-03-24
24,officiis_24_목표,A,9507,9507,9507,2025-03-02,2025-10-21
24,eveniet_24_목표,S,1292,1292,0,2023-09-28,2024-11-24
24,libero_24_목표,A,2158,2158,2158,2023-07-09,2024-11-04
25,amet_25_목표,D,9800,0,9800,2023-11-27,2025-02-17
25,quod_25_목표,S,4082,4082,0,2024-10-28,2026-09-28
26,in_26_목표,A,7757,7757,7757,2024-06-08,2025-04-24
27,dolorem_27_목표,S,7899,7899,0,2023-10-20,2024-05-01
27,ullam_27_목표,S,3679,3679,0,2024-09-03,2026-05-14
28,cupiditate_28_목표,A,3917,3917,3917,2024-01-11,2025-03-27
29,saepe_29_목표,A,6961,6961,6961,2024-04-26,2025-03-02
29,repudiandae_29_목표,A,6454,6454,6454,2024-12-20,2026-11-16
29,accusamus_29_목표,D,5497,0,5497,2023-08-04,2025-01-24
30,debitis_30_목표,S,2593,2593,0,2025-01-06,2025-08-20
31,esse_31_목표,S,5618,5618,0,2023-07-08,2024-09-26
31,recusandae_31_목표,S,1112,1112,0,2023-12-24,2025-08-15
32,eaque_32_목표,D,3334,0,3334,2024-12-27,2025-11-23
32,reprehenderit_32_목표,D,1555,0,1555,2024-07-17,2025-08-25
32,perferendis_32_목표,A,7175,7175,7175,2023-07-03,2024-09-26
33,ullam_33_목표,S,1878,1878,0,2024-02-06,2025-04-18
34,ad_34_목표,A,8079,8079,8079,2024-05-09,2025-05-13
35,dolorum_35_목표,D,9336,0,9336,2025-03-15,2026-03-01
35,impedit_35_목표,A,4921,4921,4921,2023-09-29,2025-03-14
36,nesciunt_36_목표,D,9781,0,9781,2024-12-07,2026-09-24
36,aperiam_36_목표,S,6005,6005,0,2024-07-05,2026-06-06
36,molestiae_36_목표,A,5418,5418,5418,2023-08-14,2025-04-08
37,voluptatibus_37_목표,S,2266,2266,0,2024-10-29,2026-08-01
37,odio_37_목표,A,9558,9558,9558,2024-01-15,2025-01-26
37,fuga_37_목표,D,8337,0,8337,2024-12-31,2025-07-02
38,voluptatibus_38_목표,S,5822,5822,0,2025-03-08,2026-09-23
38,dolores_38_목표,A,8251,8251,8251,2024-02-10,2025-10-04
38,facilis_38_목표,A,3724,3724,3724,2025-04-30,2025-11-19
39,delectus_39_목표,A,8786,8786,8786,2025-05-10,2026-05-04
39,accusamus_39_목표,A,4359,4359,4359,2023-09-19,2024-09-09
40,veritatis_40_목표,D,7035,0,7035,2023-07-09,2024-01-30
41,quibusdam_41_목표,A,8685,8685,8685,2025-03-13,2026-09-01
41,cumque_41_목표,D,7184,0,7184,2024-02-06,2025-03-05
42,labore_42_목표,D,4773,0,4773,2025-03-09,2026-09-18
42,at_42_목표,D,4405,0,4405,2025-02-08,2025-10-28
42,ut_42_목표,A,7752,7752,7752,2023-07-24,2025-05-26
43,ex_43_목표,S,9935,9935,0,2023-09-04,2024-11-25
44,asperiores_44_목표,A,7930,7930,7930,2025-01-31,2026-07-02
44,voluptates_44_목표,S,1090,1090,0,2024-11-05,2025-10-30
45,reprehenderit_45_목표,A,6780,6780,6780,2024-12-14,2026-04-09
45,mollitia_45_목표,D,6044,0,6044,2023-12-31,2025-12-09
46,assumenda_46_목표,D,3924,0,3924,2024-11-10,2026-07-19
47,quos_47_목표,A,4113,4113,4113,2025-01-25,2026-04-17
47,ab_47_목표,A,2598,2598,2598,2024-11-13,2026-04-09
48,vel_48_목표,S,9300,9300,0,2023-11-18,2024-10-26
48,nam_48_목표,D,8915,0,8915,2023-11-27,2025-01-16
48,temporibus_48_목표,D,1224,0,1224,2024-06-17,2025-05-14
49,architecto_49_목표,S,4929,4929,0,2024-03-11,2025-08-19
50,illum_50_목표,S,2314,2314,0,2024-12-28,2026-06-04
50,dignissimos_50_목표,S,5376,5376,0,2024-04-04,2025-02-02
51,quisquam_51_목표,D,2865,0,2865,2024-07-10,2025-11-09
51,dignissimos_51_목표,D,6226,0,6226,2023-11-05,2025-09-28
52,magnam_52_목표,S,8759,8759,0,2024-05-14,2025-10-16
53,aut_53_목표,S,7210,7210,0,2025-03-04,2026-05-17
53,deserunt_53_목표,S,4411,4411,0,2024-07-26,2025-12-15
53,cumque_53_목표,S,4014,4014,0,2024-12-30,2026-12-15
54,harum_54_목표,S,9912,9912,0,2024-04-17,2025-05-08
54,totam_54_목표,S,2133,2133,0,2024-03-27,2025-04-23
55,dolore_55_목표,S,7320,7320,0,2023-10-18,2025-07-24
55,laboriosam_55_목표,A,7548,7548,7548,2024-10-26,2026-04-05
56,vel_56_목표,D,5638,0,5638,2023-12-06,2025-10-01
56,optio_56_목표,D,2693,0,2693,2024-06-14,2025-01-23
57,quod_57_목표,S,1665,1665,0,2023-10-21,2024-12-10
57,ab_57_목표,A,8511,8511,8511,2024-05-14,2024-12-17
57,repudiandae_57_목표,S,3169,3169,0,2025-01-30,2026-10-20
58,est_58_목표,A,8248,8248,8248,2024-06-08,2025-12-06
58,hic_58_목표,A,6881,6881,6881,2024-02-13,2024-11-09
58,reiciendis_58_목표,S,4302,4302,0,2025-05-12,2026-07-08
59,nostrum_59_목표,S,9357,9357,0,2024-09-08,2026-08-25
59,unde_59_목표,A,5263,5263,5263,2023-06-17,2024-05-16
60,quia_60_목표,D,7063,0,7063,2024-01-01,2025-07-27
60,sequi_60_목표,D,9525,0,9525,2023-12-24,2025-02-03
60,minima_60_목표,S,5413,5413,0,2024-11-03,2026-05-13
61,expedita_61_목표,A,1071,1071,1071,2023-07-25,2024-07-04
61,ducimus_61_목표,S,5010,5010,0,2024-06-16,2025-12-11
62,voluptas_62_목표,A,3968,3968,3968,2025-01-30,2026-09-06
62,culpa_62_목표,A,7156,7156,7156,2023-12-11,2025-02-22
63,iusto_63_목표,A,6359,6359,6359,2025-03-29,2026-07-16
63,quidem_63_목표,S,8829,8829,0,2024-01-03,2025-05-08
63,voluptatum_63_목표,D,2222,0,2222,2024-08-05,2025-11-23
64,necessitatibus_64_목표,D,4481,0,4481,2023-07-15,2025-01-22
64,nesciunt_64_목표,A,4518,4518,4518,2025-01-20,2026-08-30
64,animi_64_목표,S,8551,8551,0,2025-01-18,2025-12-10
65,dolore_65_목표,A,9933,9933,9933,2024-11-07,2026-10-20
66,iusto_66_목표,D,1933,0,1933,2024-03-11,2026-01-20
66,consequatur_66_목표,S,1098,1098,0,2023-08-02,2024-08-09
66,nihil_66_목표,D,6065,0,6065,2023-06-15,2024-07-19
67,temporibus_67_목표,S,8743,8743,0,2023-08-12,2024-04-21
68,officiis_68_목표,S,8387,8387,0,2024-05-14,2026-02-07
69,dicta_69_목표,S,4680,4680,0,2024-09-11,2026-05-06
69,fugit_69_목표,S,4169,4169,0,2025-01-15,2026-01-06
70,mollitia_70_목표,A,6842,6842,6842,2024-02-21,2025-12-03
70,similique_70_목표,A,1532,1532,1532,2023-07-28,2024-02-17
71,tenetur_71_목표,A,4835,4835,4835,2023-09-12,2025-08-08
71,quia_71_목표,A,4351,4351,4351,2024-04-02,2025-07-30
72,nisi_72_목표,S,2517,2517,0,2024-10-22,2026-02-26
72,harum_72_목표,A,5330,5330,5330,2024-10-26,2026-05-26
73,nisi_73_목표,S,1438,1438,0,2025-04-29,2026-10-17
73,odio_73_목표,D,1609,0,1609,2025-01-27,2026-10-07
73,magni_73_목표,S,6634,6634,0,2024-08-05,2025-12-10
74,harum_74_목표,S,1708,1708,0,2023-11-30,2024-08-22
74,debitis_74_목표,D,7958,0,7958,2023-12-07,2024-06-14
74,libero_74_목표,S,1383,1383,0,2024-02-24,2025-01-26
75,cupiditate_75_목표,D,1131,0,1131,2023-10-09,2025-03-19
75,quo_75_목표,A,1377,1377,1377,2023-11-28,2025-04-05
76,consequuntur_76_목표,A,7382,7382,7382,2023-11-07,2025-04-23
76,tempore_76_목표,S,7263,7263,0,2025-03-06,2026-06-14
77,fuga_77_목표,D,8228,0,8228,2024-11-17,2026-08-28
77,nesciunt_77_목표,A,5887,5887,5887,2024-07-13,2025-12-24
78,reiciendis_78_목표,D,7118,0,7118,2024-06-11,2025-09-29
78,consequuntur_78_목표,S,9649,9649,0,2024-08-21,2025-07-14
79,illo_79_목표,A,8537,8537,8537,2024-05-22,2025-10-24
79,est_79_목표,S,2738,2738,0,2025-05-24,2026-06-02
80,similique_80_목표,D,6996,0,6996,2023-07-31,2024-04-08
80,omnis_80_목표,S,3887,3887,0,2023-06-16,2025-02-18
80,similique_80_목표,S,1605,1605,0,2025-03-05,2025-09-10
81,dolore_81_목표,A,6580,6580,6580,2024-02-28,2024-10-14
81,maiores_81_목표,S,1186,1186,0,2023-08-07,2024-07-23
82,molestiae_82_목표,D,5039,0,5039,2025-01-11,2025-12-31
82,quibusdam_82_목표,A,7381,7381,7381,2025-04-13,2025-12-14
83,distinctio_83_목표,A,9255,9255,9255,2024-10-30,2026-02-24
84,hic_84_목표,S,2407,2407,0,2023-06-28,2024-10-19
85,molestias_85_목표,S,3311,3311,0,2024-07-04,2025-12-03
85,et_85_목표,D,4908,0,4908,2024-06-18,2025-11-08
85,at_85_목표,A,6215,6215,6215,2023-09-12,2024-06-11
86,omnis_86_목표,S,4498,4498,0,2023-10-15,2024-05-23
87,occaecati_87_목표,S,3622,3622,0,2024-11-14,2026-02-17
87,culpa_87_목표,A,7011,7011,7011,2023-06-20,2024-08-08
88,suscipit_88_목표,A,5590,5590,5590,2023-09-05,2024-11-13
88,dignissimos_88_목표,D,3583,0,3583,2023-09-09,2024-05-31
89,nulla_89_목표,S,1486,1486,0,2024-03-03,2025-04-20
90,doloremque_90_목표,D,2995,0,2995,2023-06-07,2023-12-18
91,totam_91_목표,A,6842,6842,6842,2024-03-01,2025-07-06
91,et_91_목표,A,6666,6666,6666,2024-12-04,2026-07-24
92,temporibus_92_목표,D,5709,0,5709,2024-02-03,2024-10-10
93,quia_93_목표,A,4900,4900,4900,2024-06-25,2025-09-30
93,architecto_93_목표,D,9480,0,9480,2024-02-18,2025-12-11
93,deserunt_93_목표,A,4745,4745,4745,2024-06-17,2026-02-06
94,sint_94_목표,S,5415,5415,0,2024-12-26,2025-07-24
95,tempore_95_목표,A,2171,2171,2171,2023-06-30,2025-05-31
96,repudiandae_96_목표,A,7399,7399,7399,2024-02-26,2025-05-04
97,assumenda_97_목표,D,4395,0,4395,2023-06-02,2024-07-07
97,deleniti_97_목표,S,5600,5600,0,2024-12-01,2025-11-12
97,ducimus_97_목표,A,3963,3963,3963,2023-12-15,2025-11-01
98,modi_98_목표,A,6507,6507,6507,2023-11-26,2025-10-31
99,voluptatibus_99_목표,D,1461,0,1461,2024-06-02,2025-09-10
99,doloremque_99_목표,A,9625,9625,9625,2025-01-15,2026-02-19
100,non_100_목표,D,1574,0,1574,2024-12-13,2026-09-24
100,exercitationem_100_목표,D,5601,0,5601,2025-05-05,2027-03-21
101,delectus_101_목표,S,7402,7402,0,2024-06-15,2026-02-27
102,ullam_102_목표,D,3336,0,3336,2023-08-09,2024-05-08
102,accusantium_102_목표,D,4814,0,4814,2024-02-19,2025-03-25
102,fugiat_102_목표,D,9376,0,9376,2024-08-25,2025-06-21
103,sit_103_목표,D,8838,0,8838,2024-10-06,2026-08-29
104,officiis_104_목표,D,5946,0,5946,2024-08-13,2026-05-31
104,est_104_목표,A,6765,6765,6765,2023-12-21,2024-08-19
104,aperiam_104_목표,S,1929,1929,0,2024-04-01,2026-03-12
105,error_105_목표,A,8370,8370,8370,2024-06-27,2026-01-10
106,sint_106_목표,S,8223,8223,0,2023-07-24,2025-02-20
106,deserunt_106_목표,S,4318,4318,0,2024-05-20,2025-09-12
107,accusantium_107_목표,D,4857,0,4857,2024-09-29,2026-07-11
107,corporis_107_목표,S,4407,4407,0,2023-12-14,2024-12-11
108,ab_108_목표,A,3702,3702,3702,2024-04-30,2026-01-21
108,eum_108_목표,D,2990,0,2990,2025-04-13,2025-12-31
108,doloribus_108_목표,D,7237,0,7237,2023-07-18,2025-05-04
109,sunt_109_목표,S,9581,9581,0,2023-09-01,2025-08-13
110,ex_110_목표,S,1685,1685,0,2023-07-16,2025-02-04
110,saepe_110_목표,A,2330,2330,2330,2024-11-18,2026-09-19
111,sit_111_목표,S,9830,9830,0,2023-10-18,2024-09-13
111,nostrum_111_목표,A,3502,3502,3502,2023-12-20,2024-07-29
112,quidem_112_목표,D,7374,0,7374,2024-10-22,2026-02-21
112,autem_112_목표,S,9047,9047,0,2023-11-29,2025-01-14
113,non_113_목표,D,7327,0,7327,2024-09-02,2025-06-25
113,eaque_113_목표,D,1276,0,1276,2023-07-13,2024-03-08
114,provident_114_목표,A,6911,6911,6911,2023-07-26,2025-05-09
114,voluptates_114_목표,D,5279,0,5279,2024-07-20,2025-05-04
114,adipisci_114_목표,D,8986,0,8986,2024-03-22,2025-04-22
115,error_115_목표,A,6020,6020,6020,2024-09-23,2025-05-11
116,provident_116_목표,S,8307,8307,0,2023-12-18,2024-10-22
116,cupiditate_116_목표,D,8012,0,8012,2024-03-09,2025-04-09
116,error_116_목표,A,8300,8300,8300,2024-10-16,2026-01-16
117,aliquid_117_목표,A,8153,8153,8153,2023-10-09,2024-12-09
117,molestiae_117_목표,D,3098,0,3098,2024-02-16,2025-01-06
118,at_118_목표,D,2956,0,2956,2024-08-04,2025-05-04
118,eum_118_목표,D,1143,0,1143,2024-06-12,2026-05-14
119,sint_119_목표,D,1776,0,1776,2023-07-17,2024-04-09
119,id_119_목표,D,1766,0,1766,2025-01-23,2025-08-30
119,iusto_119_목표,D,8228,0,8228,2024-10-04,2026-02-26
120,excepturi_120_목표,D,5234,0,5234,2024-10-12,2025-11-13
121,cum_121_목표,D,3832,0,3832,2023-06-26,2024-05-04
121,temporibus_121_목표,D,6470,0,6470,2024-11-03,2026-03-11
122,vel_122_목표,A,4025,4025,4025,2024-03-04,2024-12-05
122,vel_122_목표,D,8844,0,8844,2024-08-30,2026-03-01
123,tenetur_123_목표,A,6282,6282,6282,2024-06-21,2025-06-02
124,harum_124_목표,A,1481,1481,1481,2024-07-15,2025-05-20
124,dolorem_124_목표,A,8631,8631,8631,2024-11-21,2025-11-30
125,ab_125_목표,D,4064,0,4064,2023-09-18,2025-05-17
126,tempora_126_목표,A,6692,6692,6692,2023-12-17,2025-02-21
127,facere_127_목표,D,3495,0,3495,2024-07-27,2026-06-23
127,suscipit_127_목표,A,4532,4532,4532,2024-02-05,2024-11-13
127,eveniet_127_목표,D,9211,0,9211,2023-05-31,2024-08-30
128,itaque_128_목표,S,2984,2984,0,2023-09-06,2025-04-11
129,quia_129_목표,D,9761,0,9761,2025-05-12,2027-04-21
129,placeat_129_목표,A,4728,4728,4728,2023-10-16,2025-07-17
129,repellendus_129_목표,S,7567,7567,0,2025-01-31,2026-08-05
130,dolorem_130_목표,S,3316,3316,0,2024-05-05,2025-11-12
130,quam_130_목표,A,7828,7828,7828,2023-08-18,2025-02-13
130,praesentium_130_목표,D,2470,0,2470,2024-09-30,2025-04-28
131,dicta_131_목표,A,5529,5529,5529,2024-08-27,2025-09-17
131,culpa_131_목표,A,9304,9304,9304,2024-04-14,2024-10-25
132,totam_132_목표,S,2175,2175,0,2025-02-10,2026-09-07
132,provident_132_목표,S,7526,7526,0,2023-08-06,2025-05-05
133,non_133_목표,S,9851,9851,0,2024-05-05,2025-06-05
133,quas_133_목표,A,7098,7098,7098,2024-08-09,2025-08-04
134,aliquid_134_목표,S,8470,8470,0,2024-09-28,2025-10-18
134,labore_134_목표,D,4126,0,4126,2025-01-17,2025-08-21
135,nisi_135_목표,S,6314,6314,0,2023-08-23,2024-07-30
136,id_136_목표,D,2619,0,2619,2024-01-23,2024-11-11
136,maiores_136_목표,A,7168,7168,7168,2024-06-30,2025-04-08
137,perferendis_137_목표,S,5271,5271,0,2024-02-12,2025-10-25
137,velit_137_목표,A,8304,8304,8304,2024-09-23,2025-12-28
137,voluptatem_137_목표,S,3207,3207,0,2024-12-10,2026-01-20
138,quia_138_목표,S,6107,6107,0,2023-06-25,2024-01-17
138,similique_138_목표,S,8629,8629,0,2023-06-05,2025-03-31
138,nesciunt_138_목표,D,8106,0,8106,2025-03-23,2026-06-26
139,molestias_139_목표,D,9476,0,9476,2023-08-17,2024-11-29
139,accusantium_139_목표,S,8255,8255,0,2023-06-04,2024-04-14
139,eos_139_목표,D,5766,0,5766,2025-01-18,2026-05-15
140,at_140_목표,S,9653,9653,0,2024-01-07,2025-08-17
141,dicta_141_목표,D,4231,0,4231,2025-05-04,2026-03-04
142,excepturi_142_목표,S,6438,6438,0,2025-03-02,2026-11-02
142,delectus_142_목표,S,8150,8150,0,2025-03-28,2026-11-29
142,repellendus_142_목표,D,6652,0,6652,2024-01-06,2025-02-20
143,at_143_목표,D,7247,0,7247,2024-03-27,2025-02-05
143,quibusdam_143_목표,D,6037,0,6037,2023-11-10,2024-12-11
143,facere_143_목표,S,3730,3730,0,2024-01-29,2026-01-05
144,ipsam_144_목표,D,1045,0,1045,2024-08-17,2025-06-12
144,vitae_144_목표,S,6212,6212,0,2025-02-16,2026-11-09
145,corrupti_145_목표,S,2401,2401,0,2023-10-14,2024-09-14
146,odio_146_목표,A,7980,7980,7980,2024-07-10,2026-03-22
146,autem_146_목표,A,2373,2373,2373,2025-01-17,2026-12-22
146,quis_146_목표,A,2307,2307,2307,2023-07-10,2024-05-31
147,fugiat_147_목표,D,7556,0,7556,2023-12-30,2025-12-11
147,magni_147_목표,S,8992,8992,0,2023-08-13,2024-07-14
147,adipisci_147_목표,S,9972,9972,0,2024-12-30,2026-04-07
148,corrupti_148_목표,D,7514,0,7514,2024-07-27,2026-02-02
149,alias_149_목표,D,2081,0,2081,2024-09-29,2026-06-24
149,doloremque_149_목표,A,6957,6957,6957,2024-09-03,2025-04-14
149,sequi_149_목표,S,5955,5955,0,2023-06-18,2025-02-24
150,nobis_150_목표,A,8086,8086,8086,2025-01-01,2026-03-04
151,debitis_151_목표,S,7703,7703,0,2024-06-26,2025-06-19
152,a_152_목표,S,8380,8380,0,2023-06-12,2024-09-06
152,maxime_152_목표,S,9116,9116,0,2023-08-27,2024-07-28
153,animi_153_목표,A,7144,7144,7144,2024-08-11,2026-07-08
153,assumenda_153_목표,S,3957,3957,0,2024-05-06,2025-04-24
154,eos_154_목표,S,7539,7539,0,2025-02-24,2026-03-06
154,eligendi_154_목표,S,3345,3345,0,2024-01-12,2025-06-12
155,fugiat_155_목표,S,2866,2866,0,2024-05-02,2026-01-13
155,modi_155_목표,A,1872,1872,1872,2025-05-17,2027-05-05
155,facilis_155_목표,S,2161,2161,0,2024-10-21,2025-07-06
156,veritatis_156_목표,D,8251,0,8251,2024-04-10,2025-04-03
156,saepe_156_목표,D,2535,0,2535,2024-07-24,2025-11-12
157,aliquam_157_목표,D,6112,0,6112,2023-08-17,2025-03-12
157,amet_157_목표,S,7984,7984,0,2024-10-09,2026-04-26
157,officiis_157_목표,D,9372,0,9372,2023-07-31,2025-06-18
158,cupiditate_158_목표,D,3873,0,3873,2024-05-09,2025-05-09
159,quasi_159_목표,A,3489,3489,3489,2023-06-19,2024-01-03
160,eveniet_160_목표,S,1651,1651,0,2024-10-19,2026-06-04
160,dolorem_160_목표,S,8929,8929,0,2024-12-18,2025-08-09
161,alias_161_목표,D,6116,0,6116,2025-03-03,2026-01-30
161,voluptatum_161_목표,D,8869,0,8869,2025-05-01,2026-04-17
162,nulla_162_목표,A,3831,3831,3831,2024-04-11,2025-09-22
163,minus_163_목표,D,8173,0,8173,2025-02-16,2025-09-01
163,voluptas_163_목표,A,6113,6113,6113,2024-08-03,2025-02-07
163,optio_163_목표,S,8779,8779,0,2024-06-08,2025-02-05
164,incidunt_164_목표,D,6955,0,6955,2024-08-13,2025-11-27
164,nihil_164_목표,A,3396,3396,3396,2023-10-30,2024-06-28
164,adipisci_164_목표,S,9410,9410,0,2024-06-04,2025-03-30
165,molestiae_165_목표,S,1321,1321,0,2024-05-21,2024-12-23
165,pariatur_165_목표,A,4777,4777,4777,2025-05-01,2027-04-15
166,debitis_166_목표,A,4474,4474,4474,2023-08-02,2024-03-30
167,commodi_167_목표,D,7935,0,7935,2023-12-17,2025-04-26
167,nesciunt_167_목표,D,4935,0,4935,2024-02-24,2025-11-04
168,accusantium_168_목표,S,1308,1308,0,2025-04-11,2026-12-22
168,maxime_168_목표,D,5956,0,5956,2023-09-30,2024-12-14
169,cum_169_목표,A,8405,8405,8405,2024-06-13,2025-05-21
170,a_170_목표,A,8960,8960,8960,2024-01-14,2024-10-12
170,dolorum_170_목표,D,1291,0,1291,2023-09-18,2025-04-18
170,atque_170_목표,S,5664,5664,0,2024-06-27,2025-03-30
171,unde_171_목표,S,6980,6980,0,2023-06-01,2025-03-01
172,nihil_172_목표,A,4823,4823,4823,2023-10-16,2025-04-16
172,fugiat_172_목표,S,6785,6785,0,2024-11-10,2025-06-09
173,labore_173_목표,D,2545,0,2545,2024-09-06,2025-11-20
173,ex_173_목표,S,5381,5381,0,2025-04-17,2026-07-21
174,omnis_174_목표,S,5117,5117,0,2024-12-28,2026-02-16
174,itaque_174_목표,A,4682,4682,4682,2025-04-24,2027-03-09
174,perspiciatis_174_목표,S,4298,4298,0,2024-05-08,2025-10-15
175,eaque_175_목표,A,7242,7242,7242,2025-01-11,2026-07-18
175,quod_175_목표,A,8038,8038,8038,2023-08-08,2024-11-11
176,sequi_176_목표,D,3714,0,3714,2025-02-05,2026-02-11
176,quos_176_목표,D,1197,0,1197,2023-09-08,2024-07-13
177,porro_177_목표,A,8668,8668,8668,2024-06-11,2025-09-30
177,neque_177_목표,D,3324,0,3324,2023-07-13,2024-08-02
177,ab_177_목표,A,8373,8373,8373,2023-11-26,2025-09-24
178,cupiditate_178_목표,A,8979,8979,8979,2023-12-24,2024-06-29
178,reiciendis_178_목표,S,3181,3181,0,2024-10-06,2026-02-15
178,vitae_178_목표,A,7257,7257,7257,2023-08-30,2025-04-23
179,officia_179_목표,S,9769,9769,0,2023-10-23,2025-04-07
179,libero_179_목표,S,1688,1688,0,2023-11-27,2024-09-16
179,aliquid_179_목표,A,6226,6226,6226,2025-04-26,2027-04-14
180,itaque_180_목표,D,5715,0,5715,2023-05-30,2024-02-12
180,vel_180_목표,A,7439,7439,7439,2025-02-28,2026-08-15
181,necessitatibus_181_목표,D,7802,0,7802,2024-01-05,2024-10-02
181,soluta_181_목표,D,8436,0,8436,2023-12-06,2024-11-23
182,beatae_182_목표,A,1133,1133,1133,2023-07-26,2024-05-27
183,quidem_183_목표,D,3917,0,3917,2025-01-10,2026-05-06
184,ullam_184_목표,A,4041,4041,4041,2025-01-31,2025-09-09
184,voluptas_184_목표,D,6371,0,6371,2024-08-08,2025-12-05
184,iusto_184_목표,A,2438,2438,2438,2023-11-10,2025-09-01
185,molestias_185_목표,D,6016,0,6016,2023-11-23,2025-07-22
185,nulla_185_목표,D,9062,0,9062,2024-01-05,2025-07-25
186,magni_186_목표,A,6458,6458,6458,2024-08-25,2025-05-28
187,molestiae_187_목표,S,3002,3002,0,2024-11-03,2025-06-24
188,voluptatum_188_목표,A,3652,3652,3652,2024-12-21,2026-05-12
188,excepturi_188_목표,A,2848,2848,2848,2023-09-12,2025-04-18
188,ullam_188_목표,A,7783,7783,7783,2023-08-04,2025-07-15
189,neque_189_목표,S,4530,4530,0,2023-05-30,2024-10-26
189,soluta_189_목표,D,1671,0,1671,2023-07-14,2024-03-27
189,totam_189_목표,S,5224,5224,0,2023-07-04,2024-12-20
190,iste_190_목표,A,3368,3368,3368,2024-07-16,2026-03-21
190,velit_190_목표,S,3358,3358,0,2025-01-07,2025-07-17
191,incidunt_191_목표,S,3036,3036,0,2025-03-12,2026-09-22
191,adipisci_191_목표,D,8561,0,8561,2025-04-29,2026-04-26
192,dicta_192_목표,D,8952,0,8952,2024-01-11,2024-12-13
192,eligendi_192_목표,A,7389,7389,7389,2023-07-04,2024-10-24
193,asperiores_193_목표,S,9405,9405,0,2024-12-09,2026-06-26
193,et_193_목표,D,7864,0,7864,2024-03-09,2024-12-15
193,alias_193_목표,D,5497,0,5497,2025-05-19,2027-01-20
194,accusantium_194_목표,A,8375,8375,8375,2025-03-20,2026-07-23
194,ea_194_목표,S,3945,3945,0,2025-01-13,2026-08-31
195,nam_195_목표,A,9417,9417,9417,2023-05-29,2024-11-16
196,quaerat_196_목표,D,8196,0,8196,2023-11-28,2025-01-03
197,quisquam_197_목표,A,3976,3976,3976,2024-07-11,2026-02-09
197,reiciendis_197_목표,D,8112,0,8112,2024-05-04,2026-04-07
197,nostrum_197_목표,S,5185,5185,0,2023-11-18,2025-09-28
198,atque_198_목표,A,5922,5922,5922,2023-06-04,2024-11-17
198,nostrum_198_목표,A,5035,5035,5035,2024-06-02,2025-10-04
198,provident_198_목표,S,9956,9956,0,2024-12-08,2025-09-16
199,repudiandae_199_목표,D,2947,0,2947,2023-10-10,2024-09-23
199,laborum_199_목표,S,6704,6704,0,2024-09-20,2026-01-18
200,vero_200_목표,A,2689,2689,2689,2024-03-18,2025-02-01
201,sint_201_목표,A,8415,8415,8415,2023-06-22,2024-04-24
201,quos_201_목표,S,1709,1709,0,2023-10-22,2025-03-31
201,illo_201_목표,A,1848,1848,1848,2023-05-29,2024-06-01
202,cum_202_목표,D,8420,0,8420,2024-03-09,2024-11-29
203,expedita_203_목표,A,1462,1462,1462,2024-12-31,2025-09-12
204,at_204_목표,S,5820,5820,0,2025-03-11,2026-09-10
204,illum_204_목표,A,5789,5789,5789,2024-09-26,2026-01-14
205,consequuntur_205_목표,A,1984,1984,1984,2023-10-23,2025-01-08
205,excepturi_205_목표,S,4369,4369,0,2024-02-24,2025-04-09
206,molestias_206_목표,A,4366,4366,4366,2023-07-02,2024-03-14
206,esse_206_목표,D,2329,0,2329,2023-07-09,2025-06-18
207,distinctio_207_목표,A,3828,3828,3828,2025-03-06,2025-12-26
207,fuga_207_목표,A,2921,2921,2921,2025-01-24,2026-12-25
207,delectus_207_목표,A,8774,8774,8774,2024-07-08,2025-09-25
208,repellat_208_목표,S,2517,2517,0,2024-07-27,2025-06-16
209,saepe_209_목표,D,8024,0,8024,2025-04-06,2026-12-29
209,veritatis_209_목표,S,5397,5397,0,2023-07-11,2024-10-21
210,animi_210_목표,D,3881,0,3881,2025-03-02,2026-06-20
210,perspiciatis_210_목표,D,7500,0,7500,2025-02-24,2027-01-25
210,hic_210_목표,A,5368,5368,5368,2025-04-12,2026-11-06
211,at_211_목표,S,8334,8334,0,2024-07-07,2026-02-11
211,consequuntur_211_목표,S,5431,5431,0,2024-10-25,2026-03-14
212,voluptates_212_목표,A,6523,6523,6523,2024-05-29,2026-03-11
213,laboriosam_213_목표,A,1578,1578,1578,2024-07-03,2026-01-13
214,laborum_214_목표,A,9051,9051,9051,2024-08-12,2025-09-11
214,modi_214_목표,S,5984,5984,0,2023-10-17,2025-04-24
214,iure_214_목표,A,1116,1116,1116,2023-09-22,2024-10-05
215,perferendis_215_목표,S,5616,5616,0,2023-09-25,2024-10-05
216,distinctio_216_목표,D,5104,0,5104,2025-04-09,2027-03-15
217,nemo_217_목표,A,3133,3133,3133,2024-05-20,2025-05-21
218,quos_218_목표,D,1069,0,1069,2024-01-16,2025-07-18
219,voluptate_219_목표,D,2726,0,2726,2023-12-20,2025-10-18
220,beatae_220_목표,S,4091,4091,0,2024-10-24,2025-07-10
220,consequatur_220_목표,D,2864,0,2864,2024-04-17,2025-08-14
220,quis_220_목표,S,7015,7015,0,2023-08-12,2025-06-23
221,voluptatibus_221_목표,A,8548,8548,8548,2023-06-13,2023-12-14
221,in_221_목표,A,5888,5888,5888,2025-01-24,2026-12-15
222,explicabo_222_목표,S,3764,3764,0,2023-07-11,2024-06-07
222,similique_222_목표,S,1595,1595,0,2024-08-17,2025-02-23
223,inventore_223_목표,S,5528,5528,0,2025-05-15,2027-02-06
223,quo_223_목표,D,8835,0,8835,2024-01-16,2025-10-12
224,vel_224_목표,D,2099,0,2099,2025-02-15,2025-12-17
225,minima_225_목표,S,5458,5458,0,2023-10-16,2024-05-13
226,hic_226_목표,D,9512,0,9512,2024-08-11,2026-04-23
226,neque_226_목표,S,2019,2019,0,2024-01-02,2025-02-02
226,quo_226_목표,A,5647,5647,5647,2024-01-17,2025-10-21
227,voluptatibus_227_목표,S,6342,6342,0,2024-06-22,2025-12-28
228,est_228_목표,S,6920,6920,0,2023-11-03,2024-12-22
229,cum_229_목표,A,2229,2229,2229,2025-03-02,2026-02-19
230,illo_230_목표,D,5480,0,5480,2024-05-11,2025-11-26
230,ipsa_230_목표,S,1884,1884,0,2024-09-07,2025-04-30
230,nobis_230_목표,S,3315,3315,0,2024-02-04,2024-08-16
231,rerum_231_목표,A,1234,1234,1234,2025-02-10,2025-08-26
231,aut_231_목표,S,7623,7623,0,2024-07-12,2025-07-26
232,quia_232_목표,D,3963,0,3963,2024-01-22,2025-10-06
233,magni_233_목표,S,1059,1059,0,2025-04-18,2026-04-10
234,accusamus_234_목표,D,9447,0,9447,2023-07-25,2024-01-26
234,error_234_목표,A,8554,8554,8554,2025-05-09,2026-11-17
235,tempora_235_목표,D,1742,0,1742,2024-03-06,2025-12-04
235,minima_235_목표,S,5148,5148,0,2024-12-14,2026-12-04
236,ea_236_목표,S,8828,8828,0,2024-03-13,2025-12-06
237,asperiores_237_목표,D,5293,0,5293,2024-08-19,2025-10-13
237,velit_237_목표,S,9430,9430,0,2024-04-03,2024-11-01
238,recusandae_238_목표,A,6263,6263,6263,2024-10-14,2025-06-06
239,tenetur_239_목표,D,3747,0,3747,2025-03-10,2025-11-21
239,quidem_239_목표,D,7356,0,7356,2024-09-13,2026-01-24
239,et_239_목표,S,3965,3965,0,2023-07-04,2024-01-11
240,magnam_240_목표,A,4780,4780,4780,2024-04-20,2025-05-03
241,quos_241_목표,D,2539,0,2539,2024-04-21,2025-10-02
242,numquam_242_목표,S,3686,3686,0,2023-11-01,2024-06-20
243,excepturi_243_목표,A,8312,8312,8312,2023-08-10,2024-09-25
243,eveniet_243_목표,D,7740,0,7740,2024-09-25,2026-02-01
243,quam_243_목표,S,7405,7405,0,2023-06-17,2024-08-23
244,magnam_244_목표,A,5179,5179,5179,2023-06-18,2023-12-21
244,cum_244_목표,S,7945,7945,0,2024-08-25,2025-09-24
245,sit_245_목표,A,8945,8945,8945,2025-01-03,2025-12-04
245,fuga_245_목표,D,4867,0,4867,2025-05-05,2027-03-20
246,odio_246_목표,S,2055,2055,0,2024-01-02,2024-09-02
246,aliquam_246_목표,D,5324,0,5324,2024-09-13,2025-09-07
247,est_247_목표,A,2537,2537,2537,2023-10-10,2025-01-16
247,harum_247_목표,D,3201,0,3201,2023-09-26,2024-08-28
247,est_247_목표,S,5937,5937,0,2025-05-12,2026-07-08
248,saepe_248_목표,S,2942,2942,0,2023-09-19,2025-07-27
248,quam_248_목표,D,5023,0,5023,2023-12-19,2025-08-15
248,magni_248_목표,A,9367,9367,9367,2025-03-13,2026-04-09
249,consequuntur_249_목표,A,5346,5346,5346,2023-08-14,2025-06-24
250,ipsam_250_목표,S,9376,9376,0,2023-12-09,2025-07-06
251,labore_251_목표,S,1463,1463,0,2024-11-05,2025-08-13
251,accusamus_251_목표,D,5353,0,5353,2025-03-08,2025-09-15
252,est_252_목표,S,2515,2515,0,2024-09-09,2025-12-26
252,aut_252_목표,A,4080,4080,4080,2024-12-18,2025-08-28
252,voluptates_252_목표,A,5324,5324,5324,2024-08-31,2025-06-09
253,a_253_목표,S,6326,6326,0,2024-01-27,2025-06-01
254,dolor_254_목표,A,2960,2960,2960,2024-11-09,2026-04-18
254,labore_254_목표,D,8562,0,8562,2025-03-13,2026-01-17
254,aperiam_254_목표,S,1106,1106,0,2024-02-10,2024-10-04
255,et_255_목표,A,1855,1855,1855,2024-04-14,2025-06-21
256,reprehenderit_256_목표,S,7623,7623,0,2023-08-06,2025-07-12
256,cum_256_목표,D,3516,0,3516,2024-08-02,2025-11-05
257,iusto_257_목표,S,4264,4264,0,2023-10-20,2025-06-14
257,quisquam_257_목표,A,7084,7084,7084,2023-07-30,2025-06-04
257,accusamus_257_목표,D,2958,0,2958,2025-03-21,2026-08-08
258,maxime_258_목표,A,5394,5394,5394,2023-11-16,2024-09-02
258,explicabo_258_목표,A,4247,4247,4247,2024-06-11,2025-05-02
258,cum_258_목표,S,7700,7700,0,2023-05-31,2024-02-18
259,qui_259_목표,S,8938,8938,0,2024-12-28,2025-08-29
259,excepturi_259_목표,A,2243,2243,2243,2024-07-01,2025-04-22
259,odio_259_목표,D,1230,0,1230,2023-06-05,2023-12-25
260,porro_260_목표,S,7014,7014,0,2023-09-02,2025-05-31
260,libero_260_목표,A,4354,4354,4354,2025-05-16,2026-08-21
261,excepturi_261_목표,S,8266,8266,0,2024-02-20,2025-03-02
261,quam_261_목표,D,2959,0,2959,2025-03-15,2026-11-15
262,sed_262_목표,S,7897,7897,0,2023-08-19,2024-06-25
262,deserunt_262_목표,A,8975,8975,8975,2025-03-03,2026-03-29
263,adipisci_263_목표,D,3479,0,3479,2024-09-02,2025-10-06
263,tenetur_263_목표,S,7282,7282,0,2024-12-16,2025-11-02
264,reiciendis_264_목표,D,3629,0,3629,2024-06-26,2026-04-16
265,veritatis_265_목표,A,4801,4801,4801,2024-09-15,2025-11-16
265,libero_265_목표,S,4756,4756,0,2024-09-02,2026-02-20
266,ut_266_목표,S,4267,4267,0,2025-03-03,2025-09-01
266,ea_266_목표,S,5924,5924,0,2023-07-17,2025-04-22
267,eligendi_267_목표,D,7980,0,7980,2024-09-21,2026-02-13
267,accusantium_267_목표,A,2152,2152,2152,2024-10-17,2026-08-31
268,sunt_268_목표,A,3396,3396,3396,2024-06-26,2024-12-27
268,ducimus_268_목표,D,8989,0,8989,2025-03-28,2026-01-17
269,inventore_269_목표,S,7014,7014,0,2023-06-29,2024-08-30
269,numquam_269_목표,A,5032,5032,5032,2023-12-07,2024-06-23
269,labore_269_목표,A,8030,8030,8030,2024-01-25,2025-02-18
270,cupiditate_270_목표,A,8575,8575,8575,2025-05-08,2026-07-16
271,occaecati_271_목표,A,5863,5863,5863,2024-06-22,2026-06-08
272,odio_272_목표,S,9158,9158,0,2024-09-15,2026-02-28
272,neque_272_목표,S,9594,9594,0,2025-02-27,2025-12-30
273,perferendis_273_목표,D,4596,0,4596,2025-02-08,2026-12-11
273,ab_273_목표,A,6267,6267,6267,2024-09-26,2025-10-31
274,hic_274_목표,D,8197,0,8197,2023-08-09,2024-12-09
274,cum_274_목표,S,8127,8127,0,2025-05-01,2026-10-15
275,ullam_275_목표,S,2543,2543,0,2024-10-09,2025-06-26
276,beatae_276_목표,S,5193,5193,0,2024-08-30,2025-08-23
276,asperiores_276_목표,D,5318,0,5318,2024-09-27,2025-10-21
277,officiis_277_목표,S,4080,4080,0,2023-11-19,2025-11-04
277,facilis_277_목표,D,5340,0,5340,2024-09-23,2026-06-10
277,expedita_277_목표,S,4562,4562,0,2024-12-17,2025-08-23
278,repellendus_278_목표,S,6243,6243,0,2023-11-16,2024-12-13
279,totam_279_목표,S,5911,5911,0,2024-09-11,2025-11-08
279,tempore_279_목표,S,1806,1806,0,2024-08-22,2025-07-25
280,natus_280_목표,S,5339,5339,0,2024-09-25,2026-09-11
280,repudiandae_280_목표,D,1362,0,1362,2023-08-24,2024-10-13
280,ex_280_목표,A,4091,4091,4091,2024-02-06,2025-07-19
281,earum_281_목표,D,9504,0,9504,2023-11-15,2024-07-18
282,aut_282_목표,S,6449,6449,0,2023-09-20,2024-07-13
282,rem_282_목표,A,7397,7397,7397,2024-11-12,2026-08-17
282,molestias_282_목표,S,2739,2739,0,2023-08-01,2024-12-21
283,ipsa_283_목표,D,9801,0,9801,2025-03-05,2025-11-16
284,facere_284_목표,A,6449,6449,6449,2024-12-12,2026-04-10
285,fugit_285_목표,D,5459,0,5459,2025-05-19,2026-03-17
285,adipisci_285_목표,D,8611,0,8611,2024-11-06,2025-12-11
286,eveniet_286_목표,S,8653,8653,0,2024-03-28,2024-12-22
286,sequi_286_목표,A,6397,6397,6397,2023-12-19,2025-10-27
287,fuga_287_목표,D,5246,0,5246,2024-01-21,2025-03-24
288,quod_288_목표,D,1276,0,1276,2023-12-09,2025-06-17
288,beatae_288_목표,A,7615,7615,7615,2023-06-19,2024-04-01
288,neque_288_목표,A,3231,3231,3231,2024-09-17,2026-08-01
289,provident_289_목표,A,8125,8125,8125,2025-02-13,2025-10-28
289,dicta_289_목표,D,4349,0,4349,2025-03-03,2025-09-25
289,sapiente_289_목표,A,1378,1378,1378,2025-03-18,2025-12-25
290,quos_290_목표,D,9661,0,9661,2024-08-05,2025-12-23
291,neque_291_목표,D,2788,0,2788,2024-12-19,2026-06-12
291,corrupti_291_목표,D,8958,0,8958,2024-01-27,2025-07-09
292,impedit_292_목표,D,5133,0,5133,2025-03-23,2026-01-21
292,molestias_292_목표,D,5654,0,5654,2023-11-07,2025-03-21
292,voluptas_292_목표,A,7304,7304,7304,2024-12-11,2025-12-12
293,nesciunt_293_목표,A,1272,1272,1272,2024-07-21,2025-04-16
293,totam_293_목표,D,9489,0,9489,2025-05-16,2025-12-22
293,officiis_293_목표,S,5292,5292,0,2024-09-13,2026-08-30
294,ipsum_294_목표,A,8940,8940,8940,2024-02-26,2024-12-20
295,sed_295_목표,D,2408,0,2408,2023-11-19,2025-10-26
295,sequi_295_목표,A,9715,9715,9715,2024-05-27,2025-07-28
295,facere_295_목표,D,4627,0,4627,2023-08-05,2024-07-11
296,asperiores_296_목표,A,4580,4580,4580,2025-02-28,2026-08-25
297,facilis_297_목표,A,4518,4518,4518,2024-07-24,2026-03-12
297,laborum_297_목표,D,1252,0,1252,2025-04-17,2026-10-04
298,voluptate_298_목표,D,1265,0,1265,2024-01-27,2024-09-12
298,perferendis_298_목표,D,1904,0,1904,2024-11-23,2026-02-13
298,qui_298_목표,A,4650,4650,4650,2023-08-08,2024-09-06
299,impedit_299_목표,S,4046,4046,0,2024-01-13,2024-11-19
299,quis_299_목표,A,1430,1430,1430,2024-10-03,2026-09-10
300,totam_300_목표,A,3595,3595,3595,2025-04-03,2027-01-01
301,officia_301_목표,S,7422,7422,0,2024-12-08,2025-09-11
301,voluptate_301_목표,S,2582,2582,0,2025-01-29,2025-08-31
301,facere_301_목표,A,8265,8265,8265,2024-10-28,2025-12-12
302,nobis_302_목표,D,6074,0,6074,2024-06-26,2025-09-20
302,sit_302_목표,A,8213,8213,8213,2024-09-14,2025-06-28
302,tenetur_302_목표,D,3755,0,3755,2024-07-15,2025-05-24
303,neque_303_목표,S,4054,4054,0,2024-01-14,2025-01-22
304,nam_304_목표,S,7446,7446,0,2023-10-12,2025-07-24
304,sed_304_목표,A,5678,5678,5678,2024-08-04,2026-06-07
305,possimus_305_목표,A,8459,8459,8459,2024-02-03,2025-09-27
305,sint_305_목표,D,1926,0,1926,2025-02-23,2026-10-11
306,aspernatur_306_목표,S,7815,7815,0,2025-05-04,2027-03-17
306,et_306_목표,D,9254,0,9254,2024-12-15,2025-07-24
307,necessitatibus_307_목표,D,6806,0,6806,2024-04-23,2025-05-08
307,explicabo_307_목표,A,4310,4310,4310,2024-03-05,2025-07-22
308,dicta_308_목표,S,1159,1159,0,2024-10-30,2025-10-16
308,ad_308_목표,D,3475,0,3475,2023-09-01,2024-10-20
308,facere_308_목표,D,7694,0,7694,2024-04-09,2025-07-12
309,explicabo_309_목표,A,4455,4455,4455,2025-01-03,2026-07-26
309,officia_309_목표,S,6516,6516,0,2024-03-02,2025-05-06
309,at_309_목표,A,2007,2007,2007,2023-10-13,2025-05-24
310,sed_310_목표,A,9051,9051,9051,2024-05-15,2025-12-26
310,minima_310_목표,S,5289,5289,0,2025-02-15,2026-04-11
310,soluta_310_목표,S,2830,2830,0,2024-06-27,2025-12-30
311,maiores_311_목표,D,1354,0,1354,2023-07-16,2025-05-31
312,atque_312_목표,D,2742,0,2742,2024-11-11,2025-10-02
313,necessitatibus_313_목표,A,3264,3264,3264,2024-12-07,2026-09-12
313,libero_313_목표,A,5696,5696,5696,2024-04-13,2025-12-20
314,recusandae_314_목표,D,3436,0,3436,2024-08-16,2026-02-09
314,officia_314_목표,D,7795,0,7795,2025-01-18,2026-02-27
314,omnis_314_목표,D,6081,0,6081,2025-05-09,2026-01-14
315,repellat_315_목표,A,9372,9372,9372,2024-08-25,2026-03-19
316,voluptas_316_목표,D,5159,0,5159,2025-05-22,2026-08-27
316,aut_316_목표,S,8484,8484,0,2024-12-28,2026-04-06
317,nobis_317_목표,S,1813,1813,0,2023-10-02,2025-08-18
317,debitis_317_목표,A,7594,7594,7594,2025-03-31,2026-01-24
318,minima_318_목표,A,8278,8278,8278,2023-06-24,2024-01-16
318,eius_318_목표,S,2657,2657,0,2023-06-12,2024-09-07
319,quibusdam_319_목표,S,9730,9730,0,2025-01-13,2025-12-04
319,nobis_319_목표,S,1043,1043,0,2024-09-22,2025-12-12
320,fuga_320_목표,S,3812,3812,0,2024-09-20,2026-01-11
320,quo_320_목표,A,8928,8928,8928,2024-04-06,2026-02-14
320,dignissimos_320_목표,A,6652,6652,6652,2024-02-29,2024-10-20
321,excepturi_321_목표,D,2327,0,2327,2024-06-22,2025-11-17
321,autem_321_목표,D,1674,0,1674,2024-09-14,2025-05-08
321,laudantium_321_목표,D,6227,0,6227,2024-09-28,2025-07-08
322,eveniet_322_목표,S,6322,6322,0,2024-09-08,2026-08-17
323,iste_323_목표,A,5977,5977,5977,2024-10-20,2025-06-08
323,velit_323_목표,S,5123,5123,0,2023-11-26,2025-03-13
323,totam_323_목표,S,5578,5578,0,2023-06-19,2025-01-29
324,corrupti_324_목표,S,6409,6409,0,2024-03-30,2026-01-11
324,repellat_324_목표,A,8976,8976,8976,2025-05-03,2026-02-19
325,fuga_325_목표,S,4185,4185,0,2025-05-25,2026-08-01
326,repellendus_326_목표,A,2787,2787,2787,2023-09-27,2024-12-04
327,sit_327_목표,A,4528,4528,4528,2023-07-23,2025-05-24
327,error_327_목표,A,3579,3579,3579,2025-01-29,2025-12-16
327,provident_327_목표,D,1660,0,1660,2024-10-06,2025-11-17
328,dolore_328_목표,A,8157,8157,8157,2023-09-10,2024-06-05
328,maiores_328_목표,S,5696,5696,0,2024-02-02,2025-12-29
329,laudantium_329_목표,A,5806,5806,5806,2024-06-18,2026-02-08
329,possimus_329_목표,D,6857,0,6857,2025-02-02,2026-09-04
330,quasi_330_목표,S,5800,5800,0,2025-03-22,2026-06-01
330,sunt_330_목표,D,8332,0,8332,2024-03-04,2025-03-11
330,tenetur_330_목표,S,2179,2179,0,2024-03-14,2025-10-10
331,a_331_목표,D,2632,0,2632,2024-04-27,2026-04-12
332,cupiditate_332_목표,S,8612,8612,0,2025-05-20,2025-12-06
332,fugit_332_목표,A,3371,3371,3371,2024-07-17,2025-04-30
333,excepturi_333_목표,D,6438,0,6438,2024-09-28,2026-06-16
333,sapiente_333_목표,A,5542,5542,5542,2024-10-13,2026-06-13
334,veritatis_334_목표,A,1998,1998,1998,2025-03-12,2027-01-04
335,vel_335_목표,A,3431,3431,3431,2023-09-14,2024-04-24
335,dolor_335_목표,A,2318,2318,2318,2025-03-21,2026-08-26
336,similique_336_목표,D,5998,0,5998,2024-10-10,2026-04-15
337,quo_337_목표,S,8884,8884,0,2025-05-10,2027-03-31
337,dolor_337_목표,S,3941,3941,0,2024-03-31,2025-07-06
337,consequatur_337_목표,D,4789,0,4789,2024-08-27,2025-06-07
338,asperiores_338_목표,D,4765,0,4765,2024-02-29,2025-01-04
338,asperiores_338_목표,A,9040,9040,9040,2024-03-26,2024-11-14
339,illum_339_목표,S,2522,2522,0,2025-05-06,2026-05-07
339,iste_339_목표,D,3254,0,3254,2024-05-07,2026-01-26
339,quos_339_목표,S,1108,1108,0,2024-02-23,2024-11-03
340,sint_340_목표,D,5439,0,5439,2024-08-30,2026-02-05
341,alias_341_목표,A,9542,9542,9542,2024-12-18,2026-09-23
341,beatae_341_목표,D,6428,0,6428,2024-03-03,2025-03-25
341,vitae_341_목표,D,9642,0,9642,2024-12-12,2025-06-12
342,in_342_목표,S,3773,3773,0,2024-07-28,2026-02-27
342,officiis_342_목표,S,3753,3753,0,2024-07-27,2026-02-23
343,iure_343_목표,A,1169,1169,1169,2023-09-18,2025-06-21
343,voluptate_343_목표,A,7338,7338,7338,2025-05-07,2026-03-01
344,architecto_344_목표,A,2601,2601,2601,2023-06-09,2024-10-25
344,velit_344_목표,D,6667,0,6667,2025-03-26,2026-11-10
345,non_345_목표,S,8707,8707,0,2025-05-02,2026-07-20
345,doloremque_345_목표,A,6938,6938,6938,2024-01-04,2024-10-15
345,repudiandae_345_목표,S,7430,7430,0,2023-06-22,2024-08-06
346,aspernatur_346_목표,D,9180,0,9180,2023-09-09,2025-03-17
347,laudantium_347_목표,D,7597,0,7597,2023-12-01,2024-08-26
347,omnis_347_목표,A,8915,8915,8915,2023-11-22,2025-10-20
348,tempore_348_목표,S,9929,9929,0,2024-08-23,2026-01-21
348,porro_348_목표,D,7376,0,7376,2024-06-08,2025-05-12
348,quisquam_348_목표,D,2920,0,2920,2024-09-03,2026-04-28
349,veritatis_349_목표,A,6934,6934,6934,2024-02-11,2024-10-19
349,nemo_349_목표,S,7240,7240,0,2024-05-01,2025-06-08
349,officia_349_목표,A,1933,1933,1933,2024-10-21,2026-05-27
350,sapiente_350_목표,D,8924,0,8924,2024-10-19,2025-10-16
351,illo_351_목표,S,9362,9362,0,2025-02-05,2026-12-14
351,praesentium_351_목표,S,8354,8354,0,2024-03-19,2025-09-21
351,mollitia_351_목표,S,8237,8237,0,2023-10-15,2025-02-23
352,magni_352_목표,A,9256,9256,9256,2023-06-29,2024-04-30
353,explicabo_353_목표,A,7652,7652,7652,2024-11-09,2026-01-27
353,dicta_353_목표,D,9358,0,9358,2023-07-03,2024-04-04
353,eveniet_353_목표,S,1791,1791,0,2024-07-31,2025-08-30
354,fugit_354_목표,D,7550,0,7550,2025-04-23,2026-10-15
354,nam_354_목표,A,1024,1024,1024,2024-12-10,2025-10-12
354,neque_354_목표,D,1204,0,1204,2024-07-20,2025-08-23
355,eius_355_목표,D,6453,0,6453,2023-07-15,2024-09-16
356,modi_356_목표,A,9568,9568,9568,2023-12-15,2025-12-04
357,architecto_357_목표,A,2212,2212,2212,2024-12-23,2026-08-26
358,neque_358_목표,D,1950,0,1950,2025-01-24,2026-02-01
358,incidunt_358_목표,D,7364,0,7364,2025-04-17,2026-06-21
358,vero_358_목표,D,9044,0,9044,2024-09-27,2026-08-10
359,incidunt_359_목표,A,7413,7413,7413,2024-09-26,2025-08-31
359,facere_359_목표,A,5941,5941,5941,2023-12-18,2025-08-10
359,dolorem_359_목표,S,9866,9866,0,2025-03-09,2026-08-17
360,blanditiis_360_목표,A,9583,9583,9583,2023-09-07,2024-05-07
360,minima_360_목표,A,3000,3000,3000,2024-08-30,2025-02-27
361,quo_361_목표,A,2626,2626,2626,2024-04-21,2026-03-20
361,repellendus_361_목표,D,7703,0,7703,2023-09-18,2025-08-06
361,deleniti_361_목표,A,3670,3670,3670,2024-11-13,2026-05-02
362,maxime_362_목표,S,7800,7800,0,2024-03-27,2026-02-09
362,nesciunt_362_목표,A,7968,7968,7968,2024-10-02,2026-06-16
362,provident_362_목표,A,1494,1494,1494,2024-03-15,2024-10-10
363,facere_363_목표,S,7370,7370,0,2024-06-13,2025-07-19
363,laborum_363_목표,S,3312,3312,0,2024-07-07,2025-06-26
364,quibusdam_364_목표,A,9343,9343,9343,2024-11-11,2025-09-10
364,quidem_364_목표,S,6216,6216,0,2025-04-30,2027-02-05
365,ea_365_목표,D,8945,0,8945,2025-04-08,2027-01-01
365,ut_365_목표,A,5563,5563,5563,2023-06-09,2025-02-09
365,facere_365_목표,A,3284,3284,3284,2024-05-17,2025-08-23
366,quam_366_목표,D,9565,0,9565,2023-10-02,2024-12-10
366,ipsum_366_목표,A,2023,2023,2023,2023-08-27,2025-03-06
366,debitis_366_목표,A,4277,4277,4277,2025-02-24,2026-09-11
367,dicta_367_목표,S,2162,2162,0,2024-07-04,2025-02-14
368,nulla_368_목표,S,4196,4196,0,2025-05-15,2026-04-12
368,accusamus_368_목표,A,2832,2832,2832,2024-11-25,2026-08-28
369,quae_369_목표,A,6134,6134,6134,2023-05-31,2024-08-05
369,incidunt_369_목표,D,5813,0,5813,2024-02-04,2025-10-10
369,consectetur_369_목표,A,3184,3184,3184,2023-09-21,2024-04-15
370,itaque_370_목표,A,1084,1084,1084,2023-06-12,2024-10-08
370,omnis_370_목표,A,9489,9489,9489,2024-08-28,2025-07-12
371,occaecati_371_목표,S,7824,7824,0,2023-07-01,2025-02-25
372,voluptatem_372_목표,S,3864,3864,0,2024-05-05,2025-08-28
372,dolores_372_목표,D,4353,0,4353,2024-09-05,2026-07-26
373,saepe_373_목표,D,4140,0,4140,2024-07-07,2025-05-27
373,maiores_373_목표,A,2123,2123,2123,2024-06-25,2025-05-23
373,et_373_목표,A,9650,9650,9650,2025-05-05,2026-01-02
374,amet_374_목표,D,7009,0,7009,2024-11-04,2025-09-02
375,commodi_375_목표,S,3527,3527,0,2024-02-16,2026-01-19
375,qui_375_목표,S,8611,8611,0,2024-10-10,2025-08-18
376,vitae_376_목표,A,9438,9438,9438,2025-02-20,2027-01-26
376,eveniet_376_목표,S,9196,9196,0,2023-09-19,2025-04-09
376,neque_376_목표,S,9901,9901,0,2025-01-20,2026-12-21
377,possimus_377_목표,S,3916,3916,0,2024-08-26,2026-05-20
377,optio_377_목표,A,5896,5896,5896,2025-01-15,2025-07-25
378,impedit_378_목표,S,6353,6353,0,2024-08-02,2025-11-28
378,inventore_378_목표,A,1709,1709,1709,2024-03-06,2025-10-17
378,corrupti_378_목표,S,5408,5408,0,2024-06-24,2026-06-04
379,repudiandae_379_목표,A,4993,4993,4993,2023-11-27,2025-07-05
379,labore_379_목표,S,9329,9329,0,2024-07-22,2025-08-29
380,placeat_380_목표,S,7340,7340,0,2023-07-22,2024-09-22
381,fugiat_381_목표,D,6015,0,6015,2023-07-31,2025-07-13
381,magni_381_목표,D,2527,0,2527,2024-04-29,2025-03-12
382,iusto_382_목표,D,2160,0,2160,2023-10-25,2024-11-05
383,excepturi_383_목표,S,5350,5350,0,2024-01-18,2025-08-18
384,esse_384_목표,A,5229,5229,5229,2024-11-03,2026-08-30
384,sit_384_목표,S,4933,4933,0,2024-08-22,2025-04-18
384,mollitia_384_목표,S,5295,5295,0,2023-12-06,2025-05-24
385,aut_385_목표,S,6015,6015,0,2025-05-02,2026-06-25
385,ipsum_385_목표,S,7530,7530,0,2025-02-07,2026-03-26
385,non_385_목표,D,8540,0,8540,2023-09-09,2025-05-23
386,inventore_386_목표,S,1437,1437,0,2023-07-30,2025-06-24
386,facere_386_목표,S,7219,7219,0,2024-12-11,2026-02-20
387,eius_387_목표,A,7546,7546,7546,2023-11-03,2025-04-06
387,dicta_387_목표,S,8750,8750,0,2024-12-04,2026-08-07
388,quibusdam_388_목표,A,4318,4318,4318,2023-08-09,2024-11-19
389,ipsam_389_목표,A,8317,8317,8317,2025-03-20,2026-07-27
390,nostrum_390_목표,A,2083,2083,2083,2023-06-14,2024-08-29
391,nobis_391_목표,S,8792,8792,0,2023-12-09,2025-01-07
391,adipisci_391_목표,A,9163,9163,9163,2023-11-03,2025-09-22
392,autem_392_목표,D,8400,0,8400,2023-11-27,2024-09-06
393,doloribus_393_목표,D,8084,0,8084,2023-11-16,2024-06-03
393,odit_393_목표,S,3506,3506,0,2025-04-08,2026-11-17
393,asperiores_393_목표,D,5387,0,5387,2024-01-24,2026-01-11
394,ipsum_394_목표,A,2216,2216,2216,2023-08-02,2025-01-05
394,labore_394_목표,D,6269,0,6269,2023-06-04,2023-12-16
395,consequuntur_395_목표,S,1946,1946,0,2024-11-21,2026-08-21
395,odio_395_목표,A,4724,4724,4724,2025-05-21,2026-08-30
395,libero_395_목표,S,1609,1609,0,2024-01-09,2025-03-23
396,iste_396_목표,D,8559,0,8559,2024-06-21,2025-01-23
396,pariatur_396_목표,D,3880,0,3880,2024-09-20,2026-08-11
397,exercitationem_397_목표,S,3414,3414,0,2024-06-17,2025-08-17
397,in_397_목표,A,6341,6341,6341,2024-01-04,2024-12-16
398,soluta_398_목표,S,5748,5748,0,2025-01-16,2026-08-05
398,commodi_398_목표,D,8971,0,8971,2023-06-15,2025-02-13
398,aliquam_398_목표,A,2175,2175,2175,2024-12-06,2026-05-16
399,ea_399_목표,D,7498,0,7498,2024-09-17,2025-09-28
399,dolor_399_목표,S,3841,3841,0,2024-02-02,2025-10-01
400,a_400_목표,S,9778,9778,0,2024-04-13,2025-10-03
401,expedita_401_목표,D,9327,0,9327,2024-06-15,2025-02-22
402,pariatur_402_목표,A,2031,2031,2031,2024-01-28,2025-07-23
402,recusandae_402_목표,D,8795,0,8795,2024-08-14,2025-05-18
403,consequuntur_403_목표,S,4311,4311,0,2025-01-23,2025-10-01
404,ratione_404_목표,S,8844,8844,0,2024-09-30,2025-10-08
405,quo_405_목표,S,6302,6302,0,2023-07-11,2024-03-31
405,nemo_405_목표,S,7596,7596,0,2025-03-08,2026-03-07
405,harum_405_목표,A,4004,4004,4004,2024-06-02,2025-12-06
406,perspiciatis_406_목표,D,7053,0,7053,2025-04-10,2026-02-02
406,itaque_406_목표,D,8335,0,8335,2024-01-31,2024-12-07
407,laborum_407_목표,D,1144,0,1144,2025-05-17,2026-05-24
408,asperiores_408_목표,D,4342,0,4342,2023-06-14,2024-12-30
409,officiis_409_목표,A,1356,1356,1356,2024-05-10,2025-05-28
410,labore_410_목표,D,8919,0,8919,2024-07-18,2026-01-07
411,sint_411_목표,A,8876,8876,8876,2023-10-21,2024-06-27
412,saepe_412_목표,D,3487,0,3487,2025-05-01,2027-03-21
412,repudiandae_412_목표,D,7984,0,7984,2024-04-08,2025-04-12
412,nesciunt_412_목표,S,9434,9434,0,2023-12-06,2024-12-22
413,officiis_413_목표,S,4329,4329,0,2025-01-28,2026-10-14
413,cumque_413_목표,D,1602,0,1602,2024-08-19,2026-01-16
414,nihil_414_목표,S,8973,8973,0,2024-12-13,2026-02-22
415,accusantium_415_목표,S,6203,6203,0,2023-11-08,2025-01-10
416,debitis_416_목표,D,8177,0,8177,2024-06-06,2025-10-25
417,modi_417_목표,A,8709,8709,8709,2024-02-20,2024-11-28
417,recusandae_417_목표,A,2813,2813,2813,2023-09-09,2024-03-19
418,quas_418_목표,A,2649,2649,2649,2023-11-24,2025-11-10
419,officiis_419_목표,S,1791,1791,0,2024-06-22,2025-04-27
420,vero_420_목표,S,8719,8719,0,2025-01-10,2025-09-11
421,quibusdam_421_목표,D,3605,0,3605,2024-06-18,2026-05-05
421,quos_421_목표,A,4024,4024,4024,2024-12-24,2026-06-01
421,minus_421_목표,S,4668,4668,0,2024-07-23,2025-10-31
422,ea_422_목표,S,2727,2727,0,2024-07-16,2025-04-06
422,a_422_목표,A,4154,4154,4154,2024-07-04,2026-04-21
423,neque_423_목표,A,4060,4060,4060,2023-09-13,2025-02-12
423,harum_423_목표,S,5664,5664,0,2023-08-09,2025-03-08
423,doloribus_423_목표,D,9842,0,9842,2024-08-04,2025-02-04
424,occaecati_424_목표,D,3059,0,3059,2024-01-05,2024-08-09
424,nesciunt_424_목표,S,1842,1842,0,2023-06-20,2025-04-30
424,possimus_424_목표,D,8220,0,8220,2024-12-18,2026-10-11
425,incidunt_425_목표,S,3238,3238,0,2024-08-07,2025-12-05
425,tempora_425_목표,A,6114,6114,6114,2024-01-22,2024-10-19
425,mollitia_425_목표,A,9861,9861,9861,2023-07-10,2024-09-15
426,ullam_426_목표,S,5373,5373,0,2024-01-22,2026-01-01
427,consectetur_427_목표,D,1975,0,1975,2024-06-28,2025-11-01
428,necessitatibus_428_목표,D,8427,0,8427,2025-05-21,2026-07-05
429,vitae_429_목표,A,3469,3469,3469,2025-04-28,2026-02-03
430,sit_430_목표,S,1896,1896,0,2023-11-08,2025-06-10
430,laudantium_430_목표,S,3378,3378,0,2024-09-22,2025-04-17
431,cum_431_목표,A,3789,3789,3789,2024-07-25,2025-09-11
432,nesciunt_432_목표,S,4636,4636,0,2025-04-07,2026-02-04
432,iste_432_목표,S,5782,5782,0,2024-05-01,2026-03-19
432,dolor_432_목표,D,6003,0,6003,2024-05-15,2025-01-21
433,beatae_433_목표,A,9341,9341,9341,2024-01-29,2025-05-26
433,magnam_433_목표,S,1796,1796,0,2023-09-28,2025-02-25
434,quis_434_목표,S,6227,6227,0,2024-08-02,2025-12-02
435,aut_435_목표,A,2021,2021,2021,2025-01-25,2026-11-30
435,culpa_435_목표,D,6333,0,6333,2023-07-02,2025-02-03
435,pariatur_435_목표,D,9626,0,9626,2024-02-27,2025-12-18
436,harum_436_목표,D,8585,0,8585,2024-12-19,2026-11-29
437,tempora_437_목표,S,3991,3991,0,2024-08-01,2026-04-30
438,quibusdam_438_목표,D,1824,0,1824,2024-07-17,2025-10-03
438,laboriosam_438_목표,S,9898,9898,0,2024-03-13,2026-01-30
439,ab_439_목표,A,5115,5115,5115,2023-10-13,2024-05-04
439,maxime_439_목표,D,3606,0,3606,2025-01-16,2026-06-30
439,sed_439_목표,A,9857,9857,9857,2025-03-02,2026-08-21
440,accusamus_440_목표,S,6240,6240,0,2023-11-13,2024-09-23
440,qui_440_목표,D,3232,0,3232,2023-07-11,2024-05-20
440,minima_440_목표,A,9963,9963,9963,2024-02-13,2025-01-12
441,exercitationem_441_목표,D,6860,0,6860,2024-10-30,2025-10-04
441,nihil_441_목표,A,9842,9842,9842,2024-03-30,2025-01-31
442,eos_442_목표,D,1836,0,1836,2023-08-19,2024-05-10
442,tempore_442_목표,A,6862,6862,6862,2023-07-20,2024-05-15
443,saepe_443_목표,A,6786,6786,6786,2024-01-23,2025-10-21
443,quo_443_목표,D,5669,0,5669,2024-10-29,2025-12-17
443,sunt_443_목표,S,3806,3806,0,2024-07-21,2025-06-23
444,molestias_444_목표,A,4984,4984,4984,2024-10-13,2025-09-26
445,provident_445_목표,A,7401,7401,7401,2023-08-09,2024-05-14
445,nisi_445_목표,D,6642,0,6642,2024-07-09,2025-08-10
446,minima_446_목표,D,4976,0,4976,2025-03-11,2026-01-07
447,provident_447_목표,A,6093,6093,6093,2024-05-31,2025-02-25
448,corrupti_448_목표,A,6189,6189,6189,2024-05-19,2025-05-31
448,non_448_목표,S,1686,1686,0,2024-07-23,2026-05-20
449,temporibus_449_목표,S,8923,8923,0,2024-01-15,2024-12-10
450,adipisci_450_목표,A,9800,9800,9800,2024-06-08,2025-12-15
450,et_450_목표,A,9031,9031,9031,2024-04-27,2025-09-29
451,facilis_451_목표,D,2379,0,2379,2023-07-07,2024-11-11
451,dolorum_451_목표,A,4439,4439,4439,2024-03-23,2025-07-03
452,atque_452_목표,A,7546,7546,7546,2025-02-05,2026-09-05
453,quod_453_목표,D,5408,0,5408,2024-12-31,2026-03-29
454,sint_454_목표,D,6747,0,6747,2024-07-17,2026-06-06
454,error_454_목표,D,3754,0,3754,2023-10-03,2024-07-22
454,quisquam_454_목표,D,7829,0,7829,2023-09-08,2024-11-08
455,sapiente_455_목표,S,1947,1947,0,2025-05-16,2026-04-24
455,eaque_455_목표,S,4255,4255,0,2024-08-14,2025-06-09
455,id_455_목표,S,4277,4277,0,2024-02-15,2025-11-12
456,aperiam_456_목표,A,5469,5469,5469,2024-10-26,2025-06-06
457,adipisci_457_목표,A,4502,4502,4502,2024-02-23,2025-07-27
457,pariatur_457_목표,S,1645,1645,0,2024-01-31,2025-01-17
457,quas_457_목표,S,1127,1127,0,2024-12-20,2025-07-01
458,enim_458_목표,A,8662,8662,8662,2025-05-03,2026-03-11
459,accusantium_459_목표,D,2881,0,2881,2024-12-30,2025-11-03
459,molestias_459_목표,S,2244,2244,0,2025-04-29,2026-03-29
459,quae_459_목표,S,7395,7395,0,2025-01-05,2026-12-15
460,officia_460_목표,D,6751,0,6751,2024-05-19,2026-03-30
460,ab_460_목표,A,8450,8450,8450,2024-01-26,2025-06-04
461,modi_461_목표,S,3849,3849,0,2024-12-25,2026-07-12
461,explicabo_461_목표,A,5935,5935,5935,2025-05-10,2026-03-24
462,doloremque_462_목표,A,2098,2098,2098,2023-06-24,2024-07-01
462,nobis_462_목표,A,8612,8612,8612,2024-11-24,2025-06-28
463,atque_463_목표,A,7439,7439,7439,2024-09-07,2025-12-10
463,qui_463_목표,D,3922,0,3922,2025-01-13,2025-11-25
464,commodi_464_목표,A,2565,2565,2565,2023-11-05,2025-07-30
465,ad_465_목표,D,6617,0,6617,2024-02-18,2024-10-20
465,nisi_465_목표,D,6518,0,6518,2023-09-30,2025-08-10
465,impedit_465_목표,S,1904,1904,0,2023-10-10,2024-06-28
466,corporis_466_목표,S,7734,7734,0,2024-11-24,2025-10-10
466,aliquid_466_목표,D,5788,0,5788,2024-07-12,2025-02-17
466,maiores_466_목표,S,6301,6301,0,2024-04-08,2025-06-14
467,vitae_467_목표,D,1333,0,1333,2024-07-16,2025-11-06
467,neque_467_목표,D,2456,0,2456,2024-01-05,2025-04-17
467,nesciunt_467_목표,S,6064,6064,0,2023-06-08,2025-05-11
468,debitis_468_목표,A,6366,6366,6366,2024-11-25,2025-06-05
468,officia_468_목표,S,5659,5659,0,2023-10-18,2024-04-25
468,enim_468_목표,S,3071,3071,0,2025-05-15,2026-08-12
469,eaque_469_목표,A,2842,2842,2842,2024-10-25,2026-08-29
470,recusandae_470_목표,S,1632,1632,0,2025-01-16,2026-08-11
470,ex_470_목표,A,1574,1574,1574,2025-02-28,2025-11-24
470,fuga_470_목표,S,4308,4308,0,2024-12-13,2026-08-14
471,ad_471_목표,A,1126,1126,1126,2024-12-29,2026-11-08
471,est_471_목표,D,6419,0,6419,2023-07-18,2024-10-01
472,deserunt_472_목표,D,9833,0,9833,2025-05-06,2026-05-11
473,neque_473_목표,D,4418,0,4418,2025-01-20,2026-01-03
473,magni_473_목표,D,4776,0,4776,2023-09-21,2025-08-02
474,ipsum_474_목표,D,6797,0,6797,2024-11-10,2026-09-04
475,facere_475_목표,S,9178,9178,0,2024-07-20,2025-07-05
476,quaerat_476_목표,A,4387,4387,4387,2024-09-10,2025-10-02
476,sint_476_목표,S,3611,3611,0,2023-06-06,2024-01-18
476,magni_476_목표,A,6842,6842,6842,2024-10-12,2026-08-27
477,velit_477_목표,D,3525,0,3525,2025-01-30,2027-01-14
477,nobis_477_목표,A,7816,7816,7816,2023-12-23,2024-11-28
478,eius_478_목표,D,8792,0,8792,2024-12-20,2026-08-24
479,vero_479_목표,S,6149,6149,0,2025-05-01,2026-09-12
479,laborum_479_목표,D,7366,0,7366,2024-03-29,2025-12-24
479,voluptatibus_479_목표,S,1977,1977,0,2023-12-04,2025-11-17
480,sit_480_목표,D,6294,0,6294,2023-10-05,2025-07-08
480,illum_480_목표,S,8214,8214,0,2023-12-23,2025-07-25
480,distinctio_480_목표,S,5072,5072,0,2024-09-21,2025-06-14
481,dicta_481_목표,A,1070,1070,1070,2023-09-08,2024-12-10
481,quisquam_481_목표,D,3659,0,3659,2024-07-06,2026-02-26
482,eum_482_목표,A,8817,8817,8817,2024-01-31,2025-11-30
483,tempora_483_목표,D,4613,0,4613,2024-09-29,2025-05-04
483,consequuntur_483_목표,A,7078,7078,7078,2023-12-02,2025-10-09
483,blanditiis_483_목표,A,5761,5761,5761,2023-12-04,2025-04-20
484,rerum_484_목표,A,7711,7711,7711,2023-11-25,2025-04-11
484,dolore_484_목표,S,7993,7993,0,2024-11-09,2026-10-11
485,dicta_485_목표,A,8412,8412,8412,2024-08-05,2025-05-10
485,itaque_485_목표,S,2607,2607,0,2023-12-20,2025-11-10
485,quas_485_목표,D,3499,0,3499,2023-12-05,2024-08-28
486,amet_486_목표,D,7285,0,7285,2025-01-30,2026-06-21
486,dicta_486_목표,S,1251,1251,0,2024-12-11,2026-07-01
486,eum_486_목표,D,6368,0,6368,2024-08-06,2025-05-10
487,neque_487_목표,D,7325,0,7325,2024-01-27,2025-10-25
488,accusamus_488_목표,A,1133,1133,1133,2024-06-18,2025-03-24
489,necessitatibus_489_목표,S,8532,8532,0,2024-06-04,2026-02-07
489,eaque_489_목표,D,9159,0,9159,2023-08-09,2025-05-24
490,excepturi_490_목표,S,5241,5241,0,2024-06-23,2026-02-18
491,ut_491_목표,S,4794,4794,0,2024-12-27,2025-08-15
491,id_491_목표,D,4074,0,4074,2023-12-15,2024-08-23
492,impedit_492_목표,A,7108,7108,7108,2024-04-08,2025-01-24
492,harum_492_목표,A,3445,3445,3445,2025-04-05,2026-11-17
492,quas_492_목표,D,2918,0,2918,2024-09-23,2026-04-21
493,impedit_493_목표,D,2635,0,2635,2025-04-15,2026-03-23
493,molestias_493_목표,D,8030,0,8030,2024-02-29,2025-10-03
493,fugit_493_목표,A,5015,5015,5015,2025-04-01,2026-12-08
494,ex_494_목표,S,1705,1705,0,2023-07-26,2024-10-05
494,accusamus_494_목표,A,7068,7068,7068,2023-10-13,2024-12-20
494,eveniet_494_목표,D,2263,0,2263,2024-07-07,2025-01-05
495,temporibus_495_목표,D,7713,0,7713,2025-03-20,2026-09-22
495,repudiandae_495_목표,S,6300,6300,0,2025-04-28,2026-07-12
496,exercitationem_496_목표,D,7469,0,7469,2024-10-03,2025-09-21
496,consequatur_496_목표,A,6020,6020,6020,2024-04-09,2025-02-21
496,distinctio_496_목표,D,9075,0,9075,2024-11-21,2025-11-17
497,ratione_497_목표,S,5736,5736,0,2024-03-22,2024-12-08
497,libero_497_목표,D,4176,0,4176,2023-06-10,2024-08-20
497,veniam_497_목표,S,3879,3879,0,2025-05-06,2026-01-06
498,officia_498_목표,S,9530,9530,0,2024-03-07,2024-09-15
498,voluptatibus_498_목표,D,3100,0,3100,2023-08-29,2024-09-25
499,temporibus_499_목표,S,1513,1513,0,2023-08-10,2024-12-05
500,optio_500_목표,A,6869,6869,6869,2023-07-27,2025-01-03
500,amet_500_목표,D,9371,0,9371,2024-12-08,2026-06-13
500,labore_500_목표,S,5312,5312,0,2023-08-08,2025-01-06
